{"stats":{"minecraft:picked_up":{"minecraft:wooden_axe":2,"minecraft:birch_door":3,"minecraft:oak_stairs":1,"minecraft:potion":1,"minecraft:birch_button":3,"minecraft:stone_brick_stairs":1,"minecraft:brewing_stand":1,"minecraft:dark_oak_trapdoor":1,"minecraft:beetroot_soup":3,"minecraft:armor_stand":1,"minecraft:oak_sign":10,"minecraft:comparator":2,"minecraft:white_tulip":7,"minecraft:redstone_torch":4,"minecraft:spruce_stairs":1,"minecraft:torch":2,"minecraft:green_terracotta":2,"minecraft:command_block":1,"minecraft:end_rod":2,"minecraft:music_disc_wait":1,"minecraft:barrier":1,"minecraft:cooked_beef":1,"minecraft:repeater":21,"minecraft:iron_door":20,"minecraft:water_bucket":3,"minecraft:lantern":20,"minecraft:name_tag":2354,"minecraft:glass":1,"minecraft:wheat_seeds":19,"minecraft:bell":12,"minecraft:powered_rail":1,"minecraft:music_disc_13":1,"minecraft:dropper":1,"minecraft:birch_fence_gate":1,"minecraft:structure_void":1,"minecraft:light_blue_terracotta":2,"minecraft:lever":2,"minecraft:writable_book":2,"minecraft:white_concrete":2,"minecraft:spruce_sign":10,"minecraft:emerald":1203,"minecraft:light_gray_carpet":6,"minecraft:stone_brick_wall":1,"minecraft:item_frame":2,"minecraft:birch_fence":1,"minecraft:glass_pane":1,"minecraft:dark_prismarine_stairs":1,"minecraft:minecart":7,"minecraft:chest":1,"minecraft:white_dye":1,"minecraft:quartz_pillar":1,"minecraft:stone_button":4,"minecraft:redstone":711,"minecraft:stone_pressure_plate":2,"minecraft:yellow_terracotta":2,"minecraft:oxeye_daisy":2,"minecraft:dark_oak_button":2,"minecraft:tripwire_hook":16,"minecraft:music_disc_stal":1,"minecraft:smooth_sandstone":1,"minecraft:gray_carpet":10,"minecraft:music_disc_chirp":1,"minecraft:chiseled_stone_bricks":1,"minecraft:yellow_concrete":1,"minecraft:dandelion":1,"minecraft:sea_lantern":1,"minecraft:cut_red_sandstone":1,"minecraft:painting":4,"minecraft:birch_sign":22,"minecraft:hopper":2},"minecraft:used":{"minecraft:blue_terracotta":103,"minecraft:writable_book":14,"minecraft:smooth_quartz_slab":59,"minecraft:spruce_slab":3,"minecraft:dispenser":73,"minecraft:ladder":24,"minecraft:oak_sign":96,"minecraft:black_carpet":1,"minecraft:chest":36,"minecraft:white_terracotta":919,"minecraft:grass":48,"minecraft:quartz_stairs":1720,"minecraft:bell":54,"minecraft:player_head":5,"minecraft:smooth_sandstone_stairs":80,"minecraft:green_terracotta":250,"minecraft:debug_stick":7,"minecraft:soul_sand":1,"minecraft:lily_of_the_valley":2,"minecraft:orange_glazed_terracotta":8,"minecraft:nether_bricks":344,"minecraft:prismarine_brick_stairs":65,"minecraft:beehive":205,"minecraft:music_disc_13":1,"minecraft:azure_bluet":3,"minecraft:stripped_spruce_log":350,"minecraft:glass":247,"minecraft:honey_block":1,"minecraft:packed_ice":1,"minecraft:cyan_terracotta":2,"minecraft:coal_ore":4,"minecraft:quartz_pillar":2323,"minecraft:red_wool":62,"minecraft:quartz_slab":978,"minecraft:spruce_wood":127,"minecraft:lantern":114,"minecraft:grass_block":286,"minecraft:orange_shulker_box":3,"minecraft:green_wool":32,"minecraft:quartz_block":2470,"minecraft:music_disc_chirp":1,"minecraft:dark_oak_slab":178,"minecraft:dark_oak_button":19,"minecraft:stone_brick_stairs":193,"minecraft:stone_bricks":45,"minecraft:music_disc_stal":1,"minecraft:birch_button":2,"minecraft:birch_trapdoor":25,"minecraft:red_stained_glass_pane":18,"minecraft:repeater":311,"minecraft:redstone_lamp":160,"minecraft:honeycomb_block":28,"minecraft:scaffolding":24,"minecraft:jungle_button":2,"minecraft:yellow_glazed_terracotta":8,"minecraft:oak_sapling":9,"minecraft:gold_block":285,"minecraft:dark_prismarine_stairs":261,"minecraft:dark_oak_stairs":167,"minecraft:diorite":13,"minecraft:end_rod":179,"minecraft:spruce_door":11,"minecraft:dropper":45,"minecraft:stripped_acacia_log":14,"minecraft:dark_oak_sign":10,"minecraft:red_stained_glass":2,"minecraft:stripped_birch_log":122,"minecraft:birch_leaves":36,"minecraft:acacia_trapdoor":130,"minecraft:powered_rail":2,"minecraft:gray_carpet":29,"minecraft:prismarine":48,"minecraft:oak_planks":1,"minecraft:birch_wood":18,"minecraft:ender_pearl":7,"minecraft:sandstone":79,"minecraft:composter":1,"minecraft:black_glazed_terracotta":14,"minecraft:redstone_block":31,"minecraft:structure_void":46,"minecraft:oak_leaves":2,"minecraft:smooth_quartz_stairs":14,"minecraft:dark_oak_trapdoor":302,"minecraft:yellow_terracotta":1734,"minecraft:infested_chiseled_stone_bricks":22,"minecraft:loom":192,"minecraft:light_blue_wool":149,"minecraft:blast_furnace":1,"minecraft:yellow_concrete":2,"minecraft:chiseled_quartz_block":462,"minecraft:note_block":13,"minecraft:gray_concrete":38,"minecraft:stone_brick_wall":116,"minecraft:birch_fence":367,"minecraft:redstone_torch":119,"minecraft:sticky_piston":38,"minecraft:lever":42,"minecraft:green_concrete":11,"minecraft:black_concrete":35,"minecraft:birch_fence_gate":7,"minecraft:dark_oak_log":51,"minecraft:music_disc_mall":1,"minecraft:heavy_weighted_pressure_plate":2,"minecraft:string":11,"minecraft:barrier":59,"minecraft:stone_button":57,"minecraft:lectern":2,"minecraft:red_terracotta":27,"minecraft:polished_granite":282,"minecraft:iron_door":50,"minecraft:cut_red_sandstone":9,"minecraft:prismarine_wall":56,"minecraft:coal_block":28,"minecraft:stripped_oak_wood":6,"minecraft:dark_oak_fence":4,"minecraft:white_stained_glass":7,"minecraft:white_concrete":711,"minecraft:bone_meal":28,"minecraft:diorite_stairs":6,"minecraft:oak_trapdoor":17,"minecraft:oak_fence":42,"minecraft:jungle_leaves":5,"minecraft:iron_bars":253,"minecraft:armor_stand":13,"minecraft:red_concrete":2,"minecraft:redstone":949,"minecraft:light_gray_carpet":18,"minecraft:light_blue_terracotta":354,"minecraft:spruce_planks":417,"minecraft:stripped_birch_wood":8,"minecraft:sandstone_wall":15,"minecraft:structure_block":25,"minecraft:dried_kelp_block":10,"minecraft:light_gray_shulker_box":45,"minecraft:orange_stained_glass":10,"minecraft:torch":2,"minecraft:brewing_stand":10,"minecraft:dirt":84,"minecraft:anvil":35,"minecraft:white_carpet":15,"minecraft:hopper":659,"minecraft:prismarine_bricks":61,"minecraft:spruce_stairs":187,"minecraft:light_gray_glazed_terracotta":163,"minecraft:bee_nest":15,"minecraft:jungle_trapdoor":158,"minecraft:spruce_fence":66,"minecraft:nether_brick_stairs":1457,"minecraft:birch_door":13,"minecraft:stone_brick_slab":76,"minecraft:red_shulker_box":75,"minecraft:dark_oak_planks":280,"minecraft:brown_terracotta":28,"minecraft:sea_lantern":480,"minecraft:bookshelf":216,"minecraft:cyan_shulker_box":45,"minecraft:yellow_stained_glass":5,"minecraft:iron_block":49,"minecraft:oak_stairs":18,"minecraft:smooth_sandstone":316,"minecraft:smooth_quartz":190,"minecraft:barrel":108,"minecraft:tripwire_hook":3,"minecraft:glowstone":56,"minecraft:lime_concrete":2,"minecraft:tall_grass":1,"minecraft:iron_trapdoor":168,"minecraft:magenta_terracotta":394,"minecraft:white_stained_glass_pane":5,"minecraft:trapped_chest":1,"minecraft:stone_pressure_plate":30,"minecraft:acacia_planks":4,"minecraft:observer":5,"minecraft:orange_terracotta":194,"minecraft:water_bucket":299,"minecraft:yellow_banner":11,"minecraft:light_blue_shulker_box":2,"minecraft:light_blue_glazed_terracotta":24,"minecraft:sandstone_stairs":1,"minecraft:pink_glazed_terracotta":105,"minecraft:birch_planks":235,"minecraft:polished_andesite":165,"minecraft:blue_wool":7,"minecraft:smooth_sandstone_slab":386,"minecraft:black_shulker_box":50,"minecraft:cut_sandstone":212,"minecraft:cauldron":2,"minecraft:spruce_sign":2,"minecraft:magenta_stained_glass":7,"minecraft:beacon":8,"minecraft:fletching_table":1,"minecraft:red_glazed_terracotta":117,"minecraft:diamond_block":1,"minecraft:orange_carpet":4,"minecraft:lime_terracotta":11,"minecraft:rail":9,"minecraft:comparator":65,"minecraft:dark_prismarine_slab":4,"minecraft:tnt":1,"minecraft:crafting_table":2,"minecraft:red_bed":8,"minecraft:birch_sign":322,"minecraft:yellow_stained_glass_pane":1,"minecraft:campfire":16,"minecraft:painting":36,"minecraft:infested_stone_bricks":120,"minecraft:smoker":1,"minecraft:spruce_log":199,"minecraft:dark_oak_door":21,"minecraft:oak_log":22,"minecraft:piston":98,"minecraft:dark_prismarine":247,"minecraft:ender_eye":9,"minecraft:flower_pot":8,"minecraft:acacia_stairs":30,"minecraft:oxeye_daisy":4,"minecraft:acacia_sign":2,"minecraft:command_block":22,"minecraft:detector_rail":3,"minecraft:spruce_trapdoor":100,"minecraft:spruce_sapling":1,"minecraft:chiseled_stone_bricks":86,"minecraft:glass_pane":357,"minecraft:magenta_glazed_terracotta":27,"minecraft:end_portal_frame":10,"minecraft:stripped_oak_log":115,"minecraft:jukebox":6,"minecraft:smooth_stone":135,"minecraft:birch_stairs":182},"minecraft:mined":{"minecraft:red_bed":6},"minecraft:dropped":{"minecraft:lantern":4,"minecraft:quartz_pillar":1,"minecraft:structure_void":1,"minecraft:emerald":265,"minecraft:birch_fence":1,"minecraft:stone_button":1,"minecraft:dark_oak_trapdoor":1,"minecraft:dark_oak_planks":1,"minecraft:armor_stand":1,"minecraft:beehive":1,"minecraft:birch_fence_gate":1,"minecraft:black_glazed_terracotta":1,"minecraft:chiseled_stone_bricks":1,"minecraft:sea_lantern":2,"minecraft:dropper":2,"minecraft:quartz_block":3,"minecraft:hopper":1,"minecraft:stone_brick_wall":1,"minecraft:chest":1,"minecraft:painting":1,"minecraft:white_dye":1,"minecraft:glass":1,"minecraft:stone_brick_stairs":1,"minecraft:stripped_spruce_log":1,"minecraft:yellow_terracotta":3,"minecraft:barrier":2,"minecraft:light_gray_glazed_terracotta":1,"minecraft:command_block":1,"minecraft:spruce_stairs":1,"minecraft:grass_block":1,"minecraft:end_rod":1,"minecraft:iron_block":1,"minecraft:brewing_stand":1,"minecraft:repeater":4,"minecraft:light_blue_wool":1,"minecraft:wooden_axe":3,"minecraft:white_concrete":4,"minecraft:iron_door":1,"minecraft:smooth_stone":1,"minecraft:smooth_sandstone":1,"minecraft:redstone":8,"minecraft:blue_terracotta":1,"minecraft:green_terracotta":2,"minecraft:dark_prismarine_stairs":1,"minecraft:comparator":1,"minecraft:name_tag":541,"minecraft:oak_sign":2,"minecraft:glass_pane":1,"minecraft:cut_red_sandstone":1,"minecraft:flower_pot":1,"minecraft:spruce_planks":1,"minecraft:quartz_stairs":1,"minecraft:birch_sign":6,"minecraft:spruce_log":1,"minecraft:light_blue_terracotta":2},"minecraft:custom":{"minecraft:open_barrel":12,"minecraft:open_shulker_box":11,"minecraft:bell_ring":3,"minecraft:leave_game":33,"minecraft:time_since_death":33112,"minecraft:sprint_one_cm":420529,"minecraft:drop":328,"minecraft:deaths":3,"minecraft:jump":2594,"minecraft:walk_on_water_one_cm":102802,"minecraft:play_record":4,"minecraft:play_one_minute":2002181,"minecraft:interact_with_loom":5,"minecraft:crouch_one_cm":50932,"minecraft:inspect_dispenser":103,"minecraft:inspect_dropper":396,"minecraft:interact_with_anvil":13,"minecraft:inspect_hopper":355,"minecraft:climb_one_cm":836,"minecraft:walk_one_cm":916724,"minecraft:sneak_time":115878,"minecraft:walk_under_water_one_cm":105310,"minecraft:interact_with_lectern":16,"minecraft:tune_noteblock":57,"minecraft:pot_flower":1,"minecraft:time_since_rest":33133,"minecraft:minecart_one_cm":37071,"minecraft:swim_one_cm":13482,"minecraft:fly_one_cm":20083752,"minecraft:open_chest":60}},"DataVersion":2230}