{"stats":{"minecraft:crafted":{"minecraft:leather_leggings":2},"minecraft:custom":{"minecraft:inspect_dropper":720,"minecraft:mob_kills":4,"minecraft:interact_with_anvil":4,"minecraft:inspect_hopper":708,"minecraft:interact_with_crafting_table":5,"minecraft:open_barrel":6,"minecraft:fill_cauldron":16,"minecraft:open_shulker_box":82,"minecraft:bell_ring":60,"minecraft:leave_game":130,"minecraft:time_since_death":17981,"minecraft:climb_one_cm":1136,"minecraft:sprint_one_cm":108844,"minecraft:walk_one_cm":915882,"minecraft:drop":31,"minecraft:deaths":53,"minecraft:sneak_time":150521,"minecraft:walk_under_water_one_cm":11529,"minecraft:interact_with_lectern":7,"minecraft:jump":2227,"minecraft:walk_on_water_one_cm":23148,"minecraft:tune_noteblock":22,"minecraft:play_one_minute":2446240,"minecraft:interact_with_loom":3,"minecraft:pot_flower":2,"minecraft:time_since_rest":18009,"minecraft:damage_taken":500,"minecraft:trigger_trapped_chest":1,"minecraft:minecart_one_cm":12139,"minecraft:damage_dealt":170,"minecraft:fly_one_cm":18165065,"minecraft:open_chest":43,"minecraft:crouch_one_cm":56011,"minecraft:fall_one_cm":7206,"minecraft:inspect_dispenser":81},"minecraft:used":{"minecraft:oak_fence":33,"minecraft:iron_bars":10,"minecraft:oak_trapdoor":40,"minecraft:purpur_block":11,"minecraft:writable_book":8,"minecraft:jungle_leaves":29,"minecraft:blue_terracotta":142,"minecraft:polished_granite_stairs":9,"minecraft:light_gray_stained_glass_pane":90,"minecraft:dispenser":3,"minecraft:smooth_quartz_slab":19,"minecraft:armor_stand":87,"minecraft:ladder":59,"minecraft:spruce_slab":167,"minecraft:redstone":641,"minecraft:bone_block":522,"minecraft:oak_sign":112,"minecraft:spruce_planks":492,"minecraft:chest":17,"minecraft:white_terracotta":129,"minecraft:stone":3,"minecraft:white_shulker_box":27,"minecraft:red_nether_brick_stairs":172,"minecraft:quartz_stairs":164,"minecraft:bell":1,"minecraft:player_head":22,"minecraft:smooth_sandstone_stairs":388,"minecraft:structure_block":406,"minecraft:debug_stick":105,"minecraft:light_gray_shulker_box":63,"minecraft:dirt":70,"minecraft:anvil":10,"minecraft:white_carpet":9,"minecraft:hopper":190,"minecraft:prismarine_bricks":82,"minecraft:spruce_stairs":78,"minecraft:carrot":1,"minecraft:jungle_slab":6,"minecraft:orange_wool":70,"minecraft:light_gray_glazed_terracotta":21,"minecraft:bee_nest":270,"minecraft:furnace_minecart":1,"minecraft:beehive":97,"minecraft:stripped_spruce_log":3,"minecraft:obsidian":6,"minecraft:polished_diorite":5,"minecraft:birch_door":2,"minecraft:glass":85,"minecraft:sea_lantern":133,"minecraft:lava_bucket":2,"minecraft:bricks":15,"minecraft:bookshelf":273,"minecraft:light_gray_stained_glass":34,"minecraft:quartz_pillar":1317,"minecraft:quartz_slab":78,"minecraft:iron_block":3,"minecraft:black_stained_glass_pane":18,"minecraft:red_wool":1695,"minecraft:spruce_wood":10,"minecraft:lantern":75,"minecraft:grass_block":380,"minecraft:brick_stairs":196,"minecraft:spruce_button":4,"minecraft:smooth_sandstone":156,"minecraft:polished_andesite_stairs":296,"minecraft:quartz_block":320,"minecraft:dark_oak_leaves":1,"minecraft:smooth_quartz":7,"minecraft:hopper_minecart":58,"minecraft:prismarine_slab":15,"minecraft:stone_brick_stairs":183,"minecraft:barrel":44,"minecraft:stone_bricks":314,"minecraft:item_frame":19,"minecraft:repeater":175,"minecraft:honeycomb_block":6,"minecraft:birch_button":11,"minecraft:tripwire_hook":13,"minecraft:glowstone":2,"minecraft:redstone_lamp":218,"minecraft:birch_trapdoor":11,"minecraft:magma_block":100,"minecraft:lime_concrete":39,"minecraft:bow":11,"minecraft:black_stained_glass":3,"minecraft:magenta_wool":96,"minecraft:scaffolding":16,"minecraft:iron_trapdoor":47,"minecraft:magenta_terracotta":20,"minecraft:yellow_glazed_terracotta":7,"minecraft:minecart":8,"minecraft:gold_block":185,"minecraft:stone_pressure_plate":6,"minecraft:observer":1,"minecraft:stripped_spruce_wood":27,"minecraft:lime_glazed_terracotta":5,"minecraft:water_bucket":15,"minecraft:mossy_stone_bricks":203,"minecraft:diorite":56,"minecraft:spruce_door":5,"minecraft:dropper":68,"minecraft:light_blue_glazed_terracotta":85,"minecraft:sandstone_stairs":9,"minecraft:prismarine_brick_slab":17,"minecraft:stripped_acacia_log":2,"minecraft:birch_planks":164,"minecraft:stripped_birch_log":48,"minecraft:birch_leaves":7,"minecraft:powered_rail":928,"minecraft:acacia_trapdoor":3,"minecraft:polished_andesite":888,"minecraft:prismarine":112,"minecraft:oak_planks":537,"minecraft:blue_wool":666,"minecraft:sandstone":546,"minecraft:mossy_stone_brick_stairs":201,"minecraft:red_mushroom_block":2,"minecraft:black_shulker_box":70,"minecraft:black_glazed_terracotta":2,"minecraft:redstone_block":390,"minecraft:structure_void":6,"minecraft:cauldron":19,"minecraft:blue_bed":9,"minecraft:cobblestone_slab":167,"minecraft:smooth_quartz_stairs":55,"minecraft:conduit":1,"minecraft:oak_leaves":9,"minecraft:white_wool":3,"minecraft:dark_oak_trapdoor":26,"minecraft:rail":219,"minecraft:yellow_terracotta":572,"minecraft:lime_terracotta":57,"minecraft:comparator":130,"minecraft:cut_sandstone_slab":83,"minecraft:oak_slab":126,"minecraft:dark_prismarine_slab":59,"minecraft:crafting_table":1,"minecraft:loom":26,"minecraft:light_blue_wool":1312,"minecraft:birch_sign":304,"minecraft:yellow_concrete":33,"minecraft:acacia_leaves":1,"minecraft:campfire":11,"minecraft:white_bed":5,"minecraft:chiseled_quartz_block":191,"minecraft:stone_brick_wall":8,"minecraft:gray_concrete":441,"minecraft:painting":31,"minecraft:red_sandstone_wall":25,"minecraft:spruce_log":217,"minecraft:dark_oak_door":21,"minecraft:mushroom_stem":64,"minecraft:sticky_piston":8,"minecraft:birch_fence":4,"minecraft:redstone_torch":120,"minecraft:oak_log":26,"minecraft:flower_pot":2,"minecraft:piston":88,"minecraft:dark_prismarine":1,"minecraft:lever":25,"minecraft:green_concrete":1,"minecraft:ender_eye":44,"minecraft:black_concrete":48,"minecraft:daylight_detector":1,"minecraft:command_block":146,"minecraft:dark_oak_log":7,"minecraft:gray_stained_glass_pane":6,"minecraft:birch_slab":35,"minecraft:stone_button":34,"minecraft:oak_button":12,"minecraft:spruce_pressure_plate":23,"minecraft:detector_rail":2,"minecraft:lectern":1,"minecraft:polished_granite":3,"minecraft:spruce_trapdoor":42,"minecraft:oak_pressure_plate":15,"minecraft:iron_door":21,"minecraft:prismarine_wall":1,"minecraft:polished_andesite_slab":50,"minecraft:yellow_wool":274,"minecraft:smooth_red_sandstone_slab":2,"minecraft:coal_block":15,"minecraft:potion":4,"minecraft:white_banner":1,"minecraft:stripped_oak_wood":471,"minecraft:glass_pane":120,"minecraft:white_stained_glass":1,"minecraft:chain_command_block":6,"minecraft:magenta_glazed_terracotta":1,"minecraft:repeating_command_block":4,"minecraft:end_portal_frame":99,"minecraft:white_concrete":182,"minecraft:brown_mushroom_block":11,"minecraft:smooth_stone":676,"minecraft:birch_stairs":122,"minecraft:gray_stained_glass":2},"minecraft:dropped":{"minecraft:cooked_beef":38,"minecraft:grass_block":1,"minecraft:emerald":67,"minecraft:light_blue_wool":1,"minecraft:tripwire_hook":384,"minecraft:redstone":64,"minecraft:emerald_block":1,"minecraft:lever":1,"minecraft:name_tag":3,"minecraft:honey_bottle":1,"minecraft:diamond_sword":2,"minecraft:spruce_planks":1,"minecraft:birch_sign":1,"minecraft:prismarine_bricks":1},"minecraft:mined":{"minecraft:white_bed":4,"minecraft:blue_bed":7,"minecraft:tripwire_hook":3},"minecraft:picked_up":{"minecraft:birch_door":1,"minecraft:azure_bluet":5,"minecraft:chicken":1,"minecraft:ladder":14,"minecraft:anvil":1,"minecraft:rabbit_stew":32,"minecraft:yellow_wool":1,"minecraft:lead":2,"minecraft:diamond_sword":3,"minecraft:bee_spawn_egg":1,"minecraft:birch_button":4,"minecraft:cornflower":1,"minecraft:cooked_salmon":2,"minecraft:beetroot_soup":42,"minecraft:item_frame":9,"minecraft:diamond_leggings":1,"minecraft:detector_rail":1,"minecraft:comparator":24,"minecraft:bucket":1,"minecraft:spruce_planks":2,"minecraft:redstone_torch":52,"minecraft:melon_slice":3,"minecraft:egg":1,"minecraft:dark_oak_door":2,"minecraft:spruce_pressure_plate":6,"minecraft:stick":1,"minecraft:beehive":2,"minecraft:birch_trapdoor":1,"minecraft:stone_button":5,"minecraft:honeycomb_block":1,"minecraft:cookie":901,"minecraft:carrot":7,"minecraft:redstone":1427,"minecraft:honey_bottle":2,"minecraft:diamond_chestplate":1,"minecraft:light_blue_wool":2,"minecraft:diamond_boots":1,"minecraft:iron_block":1,"minecraft:white_shulker_box":1,"minecraft:obsidian":1,"minecraft:white_wool":1,"minecraft:rail":63,"minecraft:oxeye_daisy":2,"minecraft:cooked_beef":630,"minecraft:repeater":36,"minecraft:iron_door":7,"minecraft:tripwire_hook":350,"minecraft:leather":2,"minecraft:mushroom_stew":1,"minecraft:prismarine_bricks":1,"minecraft:gunpowder":106,"minecraft:lantern":30,"minecraft:polished_granite":1,"minecraft:name_tag":9913,"minecraft:purple_carpet":1,"minecraft:wheat_seeds":486,"minecraft:cooked_chicken":3,"minecraft:diamond_helmet":1,"minecraft:powered_rail":119,"minecraft:scaffolding":6,"minecraft:emerald_block":1,"minecraft:red_wool":1,"minecraft:dandelion":1,"minecraft:dropper":1,"minecraft:sand":1,"minecraft:grass_block":1,"minecraft:lever":2,"minecraft:honey_block":1,"minecraft:writable_book":1,"minecraft:painting":2,"minecraft:birch_sign":26,"minecraft:emerald":903,"minecraft:oak_button":4,"minecraft:baked_potato":709,"minecraft:oak_sapling":2,"minecraft:smooth_quartz_slab":1},"minecraft:killed":{"minecraft:chicken":1,"minecraft:wandering_trader":1,"minecraft:trader_llama":2}},"DataVersion":2230}