{"stats":{"minecraft:dropped":{"minecraft:sandstone_stairs":1,"minecraft:sandstone_wall":1,"minecraft:oak_button":1,"minecraft:light_blue_terracotta":1},"minecraft:used":{"minecraft:diorite_stairs":120,"minecraft:oak_trapdoor":4,"minecraft:light_blue_stained_glass_pane":65,"minecraft:blue_terracotta":128,"minecraft:iron_bars":27,"minecraft:smooth_quartz_slab":127,"minecraft:armor_stand":8,"minecraft:spruce_slab":125,"minecraft:redstone":30,"minecraft:ladder":3,"minecraft:oak_sign":13,"minecraft:light_gray_carpet":6,"minecraft:light_blue_terracotta":168,"minecraft:spruce_planks":38,"minecraft:chest":6,"minecraft:white_terracotta":320,"minecraft:quartz_stairs":725,"minecraft:bell":33,"minecraft:sandstone_wall":837,"minecraft:player_head":9,"minecraft:smooth_sandstone_stairs":301,"minecraft:dried_kelp_block":101,"minecraft:green_terracotta":587,"minecraft:debug_stick":14,"minecraft:spruce_leaves":9,"minecraft:light_gray_shulker_box":63,"minecraft:green_glazed_terracotta":156,"minecraft:torch":24,"minecraft:birch_pressure_plate":2,"minecraft:hopper":53,"minecraft:jungle_planks":22,"minecraft:brick_slab":6,"minecraft:prismarine_bricks":370,"minecraft:orange_glazed_terracotta":28,"minecraft:spruce_stairs":355,"minecraft:nether_bricks":131,"minecraft:prismarine_brick_stairs":172,"minecraft:jungle_slab":47,"minecraft:nether_brick_slab":66,"minecraft:light_gray_glazed_terracotta":108,"minecraft:pink_terracotta":68,"minecraft:oak_wood":6,"minecraft:bee_nest":3,"minecraft:acacia_button":8,"minecraft:jungle_trapdoor":7,"minecraft:beehive":178,"minecraft:spruce_fence":84,"minecraft:light_blue_stained_glass":190,"minecraft:nether_brick_stairs":165,"minecraft:stripped_spruce_log":85,"minecraft:polished_diorite":167,"minecraft:andesite_wall":3,"minecraft:glass":150,"minecraft:dark_oak_planks":216,"minecraft:honey_block":35,"minecraft:sea_lantern":214,"minecraft:cyan_terracotta":33,"minecraft:bricks":70,"minecraft:bookshelf":150,"minecraft:quartz_pillar":273,"minecraft:red_wool":27,"minecraft:quartz_slab":779,"minecraft:grass_block":1,"minecraft:lantern":115,"minecraft:light_weighted_pressure_plate":34,"minecraft:oak_stairs":24,"minecraft:brick_stairs":35,"minecraft:spruce_button":213,"minecraft:acacia_slab":113,"minecraft:smooth_sandstone":257,"minecraft:orange_shulker_box":1,"minecraft:quartz_block":1596,"minecraft:light_blue_bed":2,"minecraft:dark_oak_slab":153,"minecraft:smooth_quartz":920,"minecraft:dark_oak_button":59,"minecraft:diorite_wall":36,"minecraft:stone_brick_stairs":3,"minecraft:stone_bricks":27,"minecraft:item_frame":40,"minecraft:yellow_concrete_powder":1,"minecraft:repeater":3,"minecraft:tripwire_hook":1,"minecraft:birch_button":57,"minecraft:birch_trapdoor":98,"minecraft:redstone_lamp":76,"minecraft:glowstone":43,"minecraft:red_stained_glass_pane":45,"minecraft:honeycomb_block":74,"minecraft:lime_concrete":4,"minecraft:magenta_terracotta":157,"minecraft:scaffolding":14,"minecraft:jungle_button":111,"minecraft:yellow_glazed_terracotta":499,"minecraft:white_stained_glass_pane":199,"minecraft:acacia_fence":27,"minecraft:polished_diorite_stairs":80,"minecraft:gold_block":410,"minecraft:stone_pressure_plate":1,"minecraft:acacia_planks":299,"minecraft:orange_stained_glass_pane":5,"minecraft:lime_glazed_terracotta":1,"minecraft:dark_oak_stairs":232,"minecraft:yellow_banner":21,"minecraft:water_bucket":18,"minecraft:light_blue_shulker_box":1,"minecraft:diorite":404,"minecraft:end_rod":126,"minecraft:pink_glazed_terracotta":20,"minecraft:sandstone_stairs":1085,"minecraft:brick_wall":4,"minecraft:stripped_acacia_log":283,"minecraft:birch_planks":150,"minecraft:stripped_birch_log":75,"minecraft:yellow_shulker_box":16,"minecraft:acacia_trapdoor":174,"minecraft:polished_andesite":81,"minecraft:prismarine":78,"minecraft:jungle_fence":188,"minecraft:prismarine_stairs":4,"minecraft:blue_wool":83,"minecraft:smooth_sandstone_slab":148,"minecraft:sandstone":425,"minecraft:cut_sandstone":173,"minecraft:red_mushroom_block":5,"minecraft:black_glazed_terracotta":57,"minecraft:redstone_block":18,"minecraft:cauldron":4,"minecraft:beacon":407,"minecraft:oak_leaves":78,"minecraft:dark_oak_trapdoor":88,"minecraft:diamond_block":36,"minecraft:orange_carpet":9,"minecraft:lime_terracotta":906,"minecraft:yellow_terracotta":926,"minecraft:stripped_dark_oak_log":214,"minecraft:light_blue_concrete":165,"minecraft:cut_sandstone_slab":2,"minecraft:loom":1,"minecraft:red_bed":2,"minecraft:birch_sign":69,"minecraft:yellow_stained_glass_pane":32,"minecraft:yellow_concrete":1,"minecraft:blue_ice":56,"minecraft:campfire":26,"minecraft:purple_terracotta":1,"minecraft:chiseled_quartz_block":114,"minecraft:gray_concrete":8,"minecraft:painting":6,"minecraft:spruce_log":2,"minecraft:red_sandstone_wall":12,"minecraft:dark_oak_door":4,"minecraft:redstone_torch":6,"minecraft:birch_fence":77,"minecraft:oak_log":1,"minecraft:dark_prismarine":334,"minecraft:lever":1,"minecraft:ender_eye":2,"minecraft:flower_pot":13,"minecraft:acacia_stairs":386,"minecraft:chiseled_sandstone":63,"minecraft:acacia_door":14,"minecraft:birch_slab":56,"minecraft:barrier":1,"minecraft:oak_button":10,"minecraft:white_glazed_terracotta":8,"minecraft:jungle_stairs":15,"minecraft:stone_slab":129,"minecraft:red_terracotta":326,"minecraft:polished_granite":26,"minecraft:spruce_trapdoor":58,"minecraft:cut_red_sandstone":168,"minecraft:prismarine_wall":168,"minecraft:acacia_fence_gate":8,"minecraft:green_carpet":3,"minecraft:chiseled_stone_bricks":34,"minecraft:green_shulker_box":12,"minecraft:coal_block":365,"minecraft:orange_banner":45,"minecraft:dark_oak_fence":5,"minecraft:white_stained_glass":184,"minecraft:jungle_door":22,"minecraft:green_concrete_powder":4,"minecraft:sandstone_slab":478,"minecraft:glass_pane":191,"minecraft:end_portal_frame":12,"minecraft:stripped_oak_log":78,"minecraft:white_concrete":130,"minecraft:smooth_stone":7,"minecraft:diorite_slab":164,"minecraft:birch_stairs":164},"minecraft:picked_up":{"minecraft:white_carpet":7,"minecraft:redstone":4,"minecraft:stripped_oak_log":1,"minecraft:repeater":1,"minecraft:dark_oak_button":1,"minecraft:jungle_button":6,"minecraft:lantern":14,"minecraft:name_tag":5,"minecraft:bell":2,"minecraft:scaffolding":2,"minecraft:light_blue_terracotta":1,"minecraft:birch_sign":10,"minecraft:emerald":2,"minecraft:ender_pearl":1},"minecraft:custom":{"minecraft:inspect_dropper":11,"minecraft:inspect_hopper":2,"minecraft:fill_cauldron":2,"minecraft:open_shulker_box":6,"minecraft:time_since_death":184604,"minecraft:leave_game":9,"minecraft:climb_one_cm":49,"minecraft:sprint_one_cm":313684,"minecraft:walk_one_cm":570495,"minecraft:drop":4,"minecraft:deaths":1,"minecraft:sneak_time":65425,"minecraft:walk_under_water_one_cm":3155,"minecraft:jump":1077,"minecraft:walk_on_water_one_cm":7272,"minecraft:tune_noteblock":2,"minecraft:play_one_minute":1067286,"minecraft:interact_with_loom":8,"minecraft:pot_flower":8,"minecraft:time_since_rest":184637,"minecraft:minecart_one_cm":11234,"minecraft:damage_dealt":26,"minecraft:interact_with_beacon":20,"minecraft:fly_one_cm":8134423,"minecraft:crouch_one_cm":22513}},"DataVersion":2230}