{"stats":{"minecraft:dropped":{"minecraft:repeating_command_block":2,"minecraft:loom":1,"minecraft:cookie":192,"minecraft:red_wool":1,"minecraft:fletching_table":1,"minecraft:elytra":1,"minecraft:item_frame":1,"minecraft:music_disc_13":2,"minecraft:oak_planks":1,"minecraft:beehive":3,"minecraft:honey_bottle":1,"minecraft:leather_chestplate":2,"minecraft:birch_trapdoor":1,"minecraft:bee_nest":1,"minecraft:birch_door":1,"minecraft:cartography_table":1,"minecraft:smithing_table":1,"minecraft:smooth_quartz_stairs":1,"minecraft:diamond_leggings":1,"minecraft:barrier":1,"minecraft:bee_spawn_egg":1,"minecraft:wooden_axe":2,"minecraft:melon_slice":709,"minecraft:diamond_helmet":1,"minecraft:smooth_quartz_slab":1,"minecraft:music_disc_wait":1,"minecraft:tripwire_hook":74,"minecraft:music_disc_cat":1,"minecraft:beetroot_soup":15,"minecraft:redstone":8,"minecraft:blue_terracotta":1,"minecraft:jukebox":1,"minecraft:smoker":1,"minecraft:slime_block":1,"minecraft:name_tag":66,"minecraft:debug_stick":4,"minecraft:blast_furnace":1,"minecraft:diamond_sword":2,"minecraft:diamond_chestplate":1,"minecraft:barrel":1,"minecraft:diamond_boots":1,"minecraft:spruce_log":1,"minecraft:rabbit_stew":14},"minecraft:crafted":{"minecraft:leather_chestplate":3,"minecraft:leather_leggings":2,"minecraft:leather_boots":1},"minecraft:used":{"minecraft:light_blue_banner":2,"minecraft:music_disc_far":1,"minecraft:blue_terracotta":865,"minecraft:writable_book":2,"minecraft:melon":12,"minecraft:smooth_quartz_slab":264,"minecraft:dispenser":33,"minecraft:spruce_slab":641,"minecraft:poppy":9,"minecraft:bone_block":37,"minecraft:ladder":9,"minecraft:black_carpet":20,"minecraft:chest":9,"minecraft:white_terracotta":93,"minecraft:brown_concrete":18,"minecraft:stone":198,"minecraft:white_shulker_box":21,"minecraft:grass":22,"minecraft:red_nether_brick_stairs":8,"minecraft:quartz_stairs":59,"minecraft:bell":1,"minecraft:player_head":2,"minecraft:smooth_sandstone_stairs":122,"minecraft:debug_stick":524,"minecraft:birch_pressure_plate":3,"minecraft:jungle_planks":1,"minecraft:nether_bricks":303,"minecraft:prismarine_brick_stairs":1,"minecraft:jungle_slab":9,"minecraft:music_disc_13":1,"minecraft:music_disc_11":1,"minecraft:beehive":630,"minecraft:obsidian":5,"minecraft:stripped_spruce_log":48,"minecraft:milk_bucket":2,"minecraft:honey_bottle":4,"minecraft:glass":478,"minecraft:honey_block":18,"minecraft:bricks":40,"minecraft:quartz_pillar":748,"minecraft:quartz_slab":77,"minecraft:red_wool":599,"minecraft:spruce_wood":107,"minecraft:lantern":254,"minecraft:grass_block":310,"minecraft:music_disc_ward":2,"minecraft:polished_andesite_stairs":58,"minecraft:quartz_block":102,"minecraft:music_disc_chirp":2,"minecraft:dark_oak_slab":141,"minecraft:music_disc_wait":5,"minecraft:dark_oak_button":3,"minecraft:stone_brick_stairs":227,"minecraft:stone_bricks":1386,"minecraft:music_disc_stal":1,"minecraft:item_frame":92,"minecraft:bedrock":7,"minecraft:birch_button":40,"minecraft:birch_trapdoor":189,"minecraft:repeater":122,"minecraft:redstone_lamp":422,"minecraft:honeycomb_block":10,"minecraft:bow":1,"minecraft:snow":24,"minecraft:hay_block":1,"minecraft:scaffolding":59,"minecraft:yellow_glazed_terracotta":25,"minecraft:oak_sapling":1,"minecraft:gold_block":89,"minecraft:dark_prismarine_stairs":5,"minecraft:brown_concrete_powder":32,"minecraft:stripped_spruce_wood":1,"minecraft:light_blue_carpet":8,"minecraft:dark_oak_stairs":43,"minecraft:end_rod":38,"minecraft:spruce_door":4,"minecraft:dropper":44,"minecraft:gray_carpet":39,"minecraft:stripped_birch_log":598,"minecraft:red_stained_glass":5,"minecraft:birch_leaves":37,"minecraft:powered_rail":7,"minecraft:acacia_trapdoor":7,"minecraft:dark_oak_sign":4,"minecraft:prismarine":172,"minecraft:oak_planks":809,"minecraft:birch_wood":10,"minecraft:mossy_stone_brick_stairs":2,"minecraft:sandstone":42,"minecraft:redstone_block":366,"minecraft:composter":11,"minecraft:smooth_quartz_stairs":318,"minecraft:oak_leaves":33,"minecraft:white_wool":32,"minecraft:dark_oak_trapdoor":61,"minecraft:purpur_stairs":2,"minecraft:yellow_terracotta":150,"minecraft:light_blue_concrete":202,"minecraft:cut_sandstone_slab":1,"minecraft:loom":11,"minecraft:light_blue_wool":248,"minecraft:blast_furnace":1,"minecraft:yellow_concrete":16,"minecraft:crossbow":12,"minecraft:chiseled_quartz_block":11,"minecraft:stone_brick_wall":23,"minecraft:note_block":67,"minecraft:gray_concrete":59,"minecraft:birch_fence":235,"minecraft:redstone_torch":54,"minecraft:sticky_piston":21,"minecraft:lever":48,"minecraft:black_concrete":250,"minecraft:firework_rocket":8,"minecraft:chiseled_sandstone":13,"minecraft:daylight_detector":3,"minecraft:gray_shulker_box":2,"minecraft:birch_slab":73,"minecraft:music_disc_mall":1,"minecraft:brown_wool":22,"minecraft:string":24,"minecraft:barrier":90,"minecraft:stone_button":20,"minecraft:lectern":8,"minecraft:red_terracotta":33,"minecraft:oak_pressure_plate":2,"minecraft:prismarine_wall":13,"minecraft:iron_door":54,"minecraft:gravel":51,"minecraft:diamond_sword":29,"minecraft:light_blue_concrete_powder":143,"minecraft:stripped_oak_wood":301,"minecraft:smithing_table":1,"minecraft:white_stained_glass":25,"minecraft:andesite":9,"minecraft:white_concrete":106,"minecraft:bone_meal":4,"minecraft:oak_fence":46,"minecraft:oak_trapdoor":21,"minecraft:stripped_acacia_wood":7,"minecraft:petrified_oak_slab":1,"minecraft:trident":4,"minecraft:jungle_leaves":49,"minecraft:iron_bars":5,"minecraft:enchanting_table":3,"minecraft:armor_stand":41,"minecraft:red_concrete":11,"minecraft:redstone":807,"minecraft:light_blue_terracotta":379,"minecraft:spruce_planks":634,"minecraft:stripped_birch_wood":1,"minecraft:sandstone_wall":184,"minecraft:structure_block":10,"minecraft:bee_spawn_egg":3,"minecraft:torch":7,"minecraft:orange_stained_glass":2,"minecraft:light_gray_shulker_box":26,"minecraft:dirt":150,"minecraft:anvil":21,"minecraft:white_carpet":356,"minecraft:hopper":52,"minecraft:prismarine_bricks":104,"minecraft:spruce_stairs":57,"minecraft:cobblestone_wall":6,"minecraft:light_gray_glazed_terracotta":10,"minecraft:oak_wood":137,"minecraft:bee_nest":29,"minecraft:jungle_trapdoor":4,"minecraft:granite":14,"minecraft:spruce_fence":5,"minecraft:nether_brick_stairs":457,"minecraft:oak_fence_gate":6,"minecraft:birch_door":81,"minecraft:music_disc_mellohi":2,"minecraft:stone_brick_slab":172,"minecraft:brown_terracotta":21,"minecraft:dark_oak_planks":279,"minecraft:sea_lantern":158,"minecraft:light_gray_stained_glass":9,"minecraft:bookshelf":37,"minecraft:cyan_shulker_box":3,"minecraft:yellow_stained_glass":2,"minecraft:oak_stairs":44,"minecraft:brick_stairs":1,"minecraft:slime_block":10,"minecraft:smooth_sandstone":748,"minecraft:smooth_quartz":1464,"minecraft:prismarine_slab":41,"minecraft:barrel":186,"minecraft:tripwire_hook":22,"minecraft:purple_concrete":9,"minecraft:glowstone":4,"minecraft:lime_concrete":13,"minecraft:black_stained_glass":10,"minecraft:emerald_block":61,"minecraft:iron_trapdoor":30,"minecraft:dark_oak_pressure_plate":10,"minecraft:white_stained_glass_pane":54,"minecraft:minecart":70,"minecraft:acacia_wood":12,"minecraft:trapped_chest":2,"minecraft:cyan_banner":2,"minecraft:stone_pressure_plate":2,"minecraft:acacia_planks":1,"minecraft:mossy_stone_brick_wall":1,"minecraft:observer":227,"minecraft:water_bucket":225,"minecraft:light_blue_shulker_box":6,"minecraft:iron_ore":1,"minecraft:light_blue_glazed_terracotta":90,"minecraft:pink_glazed_terracotta":8,"minecraft:sandstone_stairs":209,"minecraft:birch_planks":291,"minecraft:yellow_shulker_box":8,"minecraft:polished_andesite":1054,"minecraft:cartography_table":15,"minecraft:blue_wool":111,"minecraft:smooth_sandstone_slab":23,"minecraft:spruce_sign":89,"minecraft:cauldron":15,"minecraft:fletching_table":1,"minecraft:beacon":2,"minecraft:stonecutter":1,"minecraft:cobblestone_slab":2,"minecraft:spruce_fence_gate":8,"minecraft:gold_ore":1,"minecraft:conduit":1,"minecraft:pink_concrete":29,"minecraft:music_disc_cat":1,"minecraft:diamond_block":67,"minecraft:orange_carpet":17,"minecraft:light_gray_banner":3,"minecraft:rail":113,"minecraft:comparator":20,"minecraft:oak_slab":28,"minecraft:tnt":3,"minecraft:crafting_table":11,"minecraft:red_bed":4,"minecraft:birch_sign":110,"minecraft:campfire":17,"minecraft:white_bed":44,"minecraft:lime_shulker_box":13,"minecraft:painting":311,"minecraft:infested_stone_bricks":2,"minecraft:spruce_log":317,"minecraft:cake":1,"minecraft:smoker":1,"minecraft:music_disc_strad":3,"minecraft:dark_oak_door":35,"minecraft:oak_log":14,"minecraft:piston":361,"minecraft:dark_prismarine":7,"minecraft:flower_pot":52,"minecraft:apple":9,"minecraft:command_block":9,"minecraft:spruce_pressure_plate":1,"minecraft:jungle_stairs":6,"minecraft:stone_slab":178,"minecraft:spruce_trapdoor":88,"minecraft:music_disc_blocks":2,"minecraft:yellow_wool":118,"minecraft:green_carpet":38,"minecraft:chiseled_stone_bricks":96,"minecraft:cobblestone":17,"minecraft:potion":2,"minecraft:white_banner":68,"minecraft:bucket":1,"minecraft:jungle_door":1,"minecraft:sandstone_slab":79,"minecraft:glass_pane":131,"minecraft:repeating_command_block":29,"minecraft:sea_pickle":13,"minecraft:stripped_oak_log":163,"minecraft:dandelion":5,"minecraft:purple_carpet":8,"minecraft:gray_wool":2,"minecraft:smooth_stone":2160,"minecraft:jukebox":9,"minecraft:splash_potion":1,"minecraft:birch_stairs":368},"minecraft:killed":{"minecraft:skeleton":1,"minecraft:chicken":1,"minecraft:creeper":4,"minecraft:trader_llama":2,"minecraft:zombie":1,"minecraft:wandering_trader":1},"minecraft:picked_up":{"minecraft:wooden_axe":3,"minecraft:birch_door":12,"minecraft:music_disc_strad":4,"minecraft:black_carpet":2,"minecraft:iron_trapdoor":4,"minecraft:diamond_sword":1,"minecraft:smithing_table":1,"minecraft:lead":2,"minecraft:bee_spawn_egg":1,"minecraft:birch_button":24,"minecraft:music_disc_cat":3,"minecraft:string":1,"minecraft:cooked_salmon":575,"minecraft:beetroot_soup":33,"minecraft:comparator":10,"minecraft:bucket":4,"minecraft:redstone_torch":34,"minecraft:melon_slice":2161,"minecraft:smooth_quartz_stairs":1,"minecraft:dark_oak_door":6,"minecraft:stick":4,"minecraft:beehive":3,"minecraft:music_disc_blocks":3,"minecraft:jukebox":1,"minecraft:honeycomb_block":63,"minecraft:gray_shulker_box":2,"minecraft:command_block":1,"minecraft:honey_bottle":1,"minecraft:rotten_flesh":2,"minecraft:music_disc_ward":3,"minecraft:music_disc_wait":6,"minecraft:barrier":1,"minecraft:leather_chestplate":2,"minecraft:feather":1,"minecraft:cooked_beef":457,"minecraft:repeater":27,"minecraft:iron_door":9,"minecraft:water_bucket":11,"minecraft:smoker":1,"minecraft:potato":576,"minecraft:dirt":142,"minecraft:lantern":35,"minecraft:name_tag":249,"minecraft:purple_carpet":1,"minecraft:wheat_seeds":21,"minecraft:fletching_table":1,"minecraft:powered_rail":3,"minecraft:oak_planks":1,"minecraft:debug_stick":4,"minecraft:music_disc_13":4,"minecraft:loom":1,"minecraft:barrel":1,"minecraft:blue_terracotta":1,"minecraft:slime_block":1,"minecraft:lever":16,"minecraft:spruce_sign":4,"minecraft:emerald":895,"minecraft:oak_sapling":4,"minecraft:bee_nest":1,"minecraft:chicken":1,"minecraft:ladder":19,"minecraft:rabbit_stew":27,"minecraft:elytra":1,"minecraft:white_carpet":90,"minecraft:item_frame":12,"minecraft:cartography_table":1,"minecraft:sugar_cane":4,"minecraft:quartz_stairs":1,"minecraft:egg":1,"minecraft:music_disc_mellohi":3,"minecraft:music_disc_11":1,"minecraft:stone_button":3,"minecraft:cookie":204,"minecraft:carrot":578,"minecraft:redstone":2817,"minecraft:stone_pressure_plate":6,"minecraft:tnt":1,"minecraft:repeating_command_block":2,"minecraft:arrow":2,"minecraft:white_shulker_box":2,"minecraft:white_wool":1,"minecraft:rail":12,"minecraft:oxeye_daisy":7,"minecraft:tripwire_hook":151,"minecraft:leather":3,"minecraft:music_disc_stal":2,"minecraft:mushroom_stew":9,"minecraft:gunpowder":5,"minecraft:white_banner":5,"minecraft:gray_carpet":1,"minecraft:music_disc_far":2,"minecraft:cooked_chicken":580,"minecraft:music_disc_chirp":3,"minecraft:scaffolding":9,"minecraft:dandelion":1,"minecraft:blast_furnace":1,"minecraft:spruce_log":1,"minecraft:green_carpet":8,"minecraft:light_blue_concrete_powder":1,"minecraft:music_disc_mall":3,"minecraft:painting":15,"minecraft:birch_sign":34,"minecraft:oak_button":2,"minecraft:baked_potato":5,"minecraft:hopper":2},"minecraft:custom":{"minecraft:interact_with_crafting_table":5,"minecraft:open_barrel":10,"minecraft:open_shulker_box":28,"minecraft:bell_ring":28,"minecraft:leave_game":75,"minecraft:time_since_death":87246,"minecraft:sprint_one_cm":892432,"minecraft:drop":112,"minecraft:deaths":44,"minecraft:jump":6626,"minecraft:walk_on_water_one_cm":49300,"minecraft:play_record":22,"minecraft:interact_with_cartography_table":1,"minecraft:play_one_minute":1891791,"minecraft:damage_dealt":1739,"minecraft:crouch_one_cm":89972,"minecraft:inspect_dispenser":111,"minecraft:horse_one_cm":1529,"minecraft:inspect_dropper":114,"minecraft:mob_kills":10,"minecraft:interact_with_anvil":7,"minecraft:inspect_hopper":65,"minecraft:fill_cauldron":14,"minecraft:climb_one_cm":2785,"minecraft:walk_one_cm":2263479,"minecraft:sneak_time":121203,"minecraft:walk_under_water_one_cm":25325,"minecraft:interact_with_lectern":2,"minecraft:tune_noteblock":165,"minecraft:pot_flower":43,"minecraft:time_since_rest":87330,"minecraft:damage_taken":1300,"minecraft:trigger_trapped_chest":11,"minecraft:minecart_one_cm":20544,"minecraft:swim_one_cm":17993,"minecraft:fly_one_cm":17632892,"minecraft:open_chest":58,"minecraft:aviate_one_cm":906151,"minecraft:fall_one_cm":14879},"minecraft:mined":{"minecraft:white_bed":35,"minecraft:green_carpet":4,"minecraft:tripwire":1,"minecraft:red_bed":4,"minecraft:glass":9,"minecraft:grass":6,"minecraft:tripwire_hook":1,"minecraft:gray_shulker_box":1}},"DataVersion":2230}